Day,Total Visits,Unique Visits,First Time Visits,Returning Visits
Wednesday,4893.916129032258,3502.0129032258064,2895.490322580645,606.5225806451613
Tuesday,4955.335483870967,3539.293548387097,2928.232258064516,611.0612903225806
Thursday,4651.355987055016,3327.5533980582522,2747.3171521035597,580.2362459546925
Sunday,3246.9806451612903,2341.2709677419357,1949.0258064516129,392.2451612903226
Saturday,2501.0258899676373,1786.7475728155339,1477.1812297734627,309.5663430420712
Monday,4845.68064516129,3458.425806451613,2858.18064516129,600.2451612903226
Friday,3719.8608414239484,2646.770226537217,2164.4174757281553,482.3527508090615
